GEO_ID,DP03_0062E,NAME,state,county,tract
1400000US20191962600,55714,"Census Tract 9626, Sumner County, Kansas",20,191,962600
1400000US20191962300,50208,"Census Tract 9623, Sumner County, Kansas",20,191,962300
1400000US20191962400,48631,"Census Tract 9624, Sumner County, Kansas",20,191,962400
1400000US20191962500,44832,"Census Tract 9625, Sumner County, Kansas",20,191,962500
1400000US20205097100,53819,"Census Tract 971, Wilson County, Kansas",20,205,097100
1400000US20205097200,42321,"Census Tract 972, Wilson County, Kansas",20,205,097200
1400000US20205097300,43730,"Census Tract 973, Wilson County, Kansas",20,205,097300
1400000US20205097400,48819,"Census Tract 974, Wilson County, Kansas",20,205,097400
1400000US20207096600,37460,"Census Tract 966, Woodson County, Kansas",20,207,096600
1400000US20207096700,42917,"Census Tract 967, Woodson County, Kansas",20,207,096700
1400000US20197483100,61373,"Census Tract 4831, Wabaunsee County, Kansas",20,197,483100
1400000US20197483200,60313,"Census Tract 4832, Wabaunsee County, Kansas",20,197,483200
1400000US20035493800,41236,"Census Tract 4938, Cowley County, Kansas",20,035,493800
1400000US20035493900,68646,"Census Tract 4939, Cowley County, Kansas",20,035,493900
1400000US20035494000,34643,"Census Tract 4940, Cowley County, Kansas",20,035,494000
1400000US20035494100,40347,"Census Tract 4941, Cowley County, Kansas",20,035,494100
1400000US20087020102,60332,"Census Tract 201.02, Jefferson County, Kansas",20,087,020102
1400000US20081463100,55064,"Census Tract 4631, Haskell County, Kansas",20,081,463100
1400000US20089576100,35667,"Census Tract 5761, Jewell County, Kansas",20,089,576100
1400000US20089576200,44565,"Census Tract 5762, Jewell County, Kansas",20,089,576200
1400000US20091051908,76917,"Census Tract 519.08, Johnson County, Kansas",20,091,051908
1400000US20091051909,68864,"Census Tract 519.09, Johnson County, Kansas",20,091,051909
1400000US20091052305,95521,"Census Tract 523.05, Johnson County, Kansas",20,091,052305
1400000US20091052306,122400,"Census Tract 523.06, Johnson County, Kansas",20,091,052306
1400000US20091052418,31879,"Census Tract 524.18, Johnson County, Kansas",20,091,052418
1400000US20091052419,83125,"Census Tract 524.19, Johnson County, Kansas",20,091,052419
1400000US20091052421,76534,"Census Tract 524.21, Johnson County, Kansas",20,091,052421
1400000US20091052504,80662,"Census Tract 525.04, Johnson County, Kansas",20,091,052504
1400000US20091052604,117863,"Census Tract 526.04, Johnson County, Kansas",20,091,052604
1400000US20091052606,85000,"Census Tract 526.06, Johnson County, Kansas",20,091,052606
1400000US20091052607,132895,"Census Tract 526.07, Johnson County, Kansas",20,091,052607
1400000US20091052910,103684,"Census Tract 529.10, Johnson County, Kansas",20,091,052910
1400000US20091053108,81413,"Census Tract 531.08, Johnson County, Kansas",20,091,053108
1400000US20091053109,81979,"Census Tract 531.09, Johnson County, Kansas",20,091,053109
1400000US20091053110,134350,"Census Tract 531.10, Johnson County, Kansas",20,091,053110
1400000US20091053411,111422,"Census Tract 534.11, Johnson County, Kansas",20,091,053411
1400000US20091053413,123292,"Census Tract 534.13, Johnson County, Kansas",20,091,053413
1400000US20091053414,88456,"Census Tract 534.14, Johnson County, Kansas",20,091,053414
1400000US20091053415,94457,"Census Tract 534.15, Johnson County, Kansas",20,091,053415
1400000US20091053417,110208,"Census Tract 534.17, Johnson County, Kansas",20,091,053417
1400000US20091053418,110442,"Census Tract 534.18, Johnson County, Kansas",20,091,053418
1400000US20091053419,131196,"Census Tract 534.19, Johnson County, Kansas",20,091,053419
1400000US20091053421,128505,"Census Tract 534.21, Johnson County, Kansas",20,091,053421
1400000US20091053422,138958,"Census Tract 534.22, Johnson County, Kansas",20,091,053422
1400000US20091053423,197500,"Census Tract 534.23, Johnson County, Kansas",20,091,053423
1400000US20091053424,224896,"Census Tract 534.24, Johnson County, Kansas",20,091,053424
1400000US20173008600,49514,"Census Tract 86, Sedgwick County, Kansas",20,173,008600
1400000US20091053709,84330,"Census Tract 537.09, Johnson County, Kansas",20,091,053709
1400000US20167973800,43542,"Census Tract 9738, Russell County, Kansas",20,167,973800
1400000US20173009200,62159,"Census Tract 92, Sedgwick County, Kansas",20,173,009200
1400000US20173009505,92969,"Census Tract 95.05, Sedgwick County, Kansas",20,173,009505
1400000US20073965700,34135,"Census Tract 9657, Greenwood County, Kansas",20,073,965700
1400000US20073965800,57708,"Census Tract 9658, Greenwood County, Kansas",20,073,965800
1400000US20077961600,47819,"Census Tract 9616, Harper County, Kansas",20,077,961600
1400000US20077961700,44453,"Census Tract 9617, Harper County, Kansas",20,077,961700
1400000US20099950400,40549,"Census Tract 9504, Labette County, Kansas",20,099,950400
1400000US20099950100,52820,"Census Tract 9501, Labette County, Kansas",20,099,950100
1400000US20099950300,48415,"Census Tract 9503, Labette County, Kansas",20,099,950300
1400000US20099950500,58000,"Census Tract 9505, Labette County, Kansas",20,099,950500
1400000US20099950700,45139,"Census Tract 9507, Labette County, Kansas",20,099,950700
1400000US20099950200,31540,"Census Tract 9502, Labette County, Kansas",20,099,950200
1400000US20107955100,52995,"Census Tract 9551, Linn County, Kansas",20,107,955100
1400000US20107955200,44583,"Census Tract 9552, Linn County, Kansas",20,107,955200
1400000US20173000400,26622,"Census Tract 4, Sedgwick County, Kansas",20,173,000400
1400000US20173000600,27589,"Census Tract 6, Sedgwick County, Kansas",20,173,000600
1400000US20173000800,19821,"Census Tract 8, Sedgwick County, Kansas",20,173,000800
1400000US20173001400,58868,"Census Tract 14, Sedgwick County, Kansas",20,173,001400
1400000US20173003600,41587,"Census Tract 36, Sedgwick County, Kansas",20,173,003600
1400000US20173003100,38681,"Census Tract 31, Sedgwick County, Kansas",20,173,003100
1400000US20075958600,46944,"Census Tract 9586, Hamilton County, Kansas",20,075,958600
1400000US20097969100,53274,"Census Tract 9691, Kiowa County, Kansas",20,097,969100
1400000US20103070400,54542,"Census Tract 704, Leavenworth County, Kansas",20,103,070400
1400000US20103070200,42500,"Census Tract 702, Leavenworth County, Kansas",20,103,070200
1400000US20103071400,83359,"Census Tract 714, Leavenworth County, Kansas",20,103,071400
1400000US20063955200,50750,"Census Tract 9552, Gove County, Kansas",20,063,955200
1400000US20063955100,46964,"Census Tract 9551, Gove County, Kansas",20,063,955100
1400000US20059954200,58850,"Census Tract 9542, Franklin County, Kansas",20,059,954200
1400000US20059954100,61505,"Census Tract 9541, Franklin County, Kansas",20,059,954100
1400000US20059954300,53917,"Census Tract 9543, Franklin County, Kansas",20,059,954300
1400000US20059954500,64107,"Census Tract 9545, Franklin County, Kansas",20,059,954500
1400000US20059954400,41442,"Census Tract 9544, Franklin County, Kansas",20,059,954400
1400000US20079030400,58350,"Census Tract 304, Harvey County, Kansas",20,079,030400
1400000US20079030300,55362,"Census Tract 303, Harvey County, Kansas",20,079,030300
1400000US20079030200,57026,"Census Tract 302, Harvey County, Kansas",20,079,030200
1400000US20209042100,43958,"Census Tract 421, Wyandotte County, Kansas",20,209,042100
1400000US20209042400,35000,"Census Tract 424, Wyandotte County, Kansas",20,209,042400
1400000US20209043700,55521,"Census Tract 437, Wyandotte County, Kansas",20,209,043700
1400000US20209043804,-666666666,"Census Tract 438.04, Wyandotte County, Kansas",20,209,043804
1400000US20209044104,36374,"Census Tract 441.04, Wyandotte County, Kansas",20,209,044104
1400000US20209044302,43355,"Census Tract 443.02, Wyandotte County, Kansas",20,209,044302
1400000US20209040001,-666666666,"Census Tract 400.01, Wyandotte County, Kansas",20,209,040001
1400000US20209040300,39475,"Census Tract 403, Wyandotte County, Kansas",20,209,040300
1400000US20209040400,34554,"Census Tract 404, Wyandotte County, Kansas",20,209,040400
1400000US20209044001,56097,"Census Tract 440.01, Wyandotte County, Kansas",20,209,044001
1400000US20209042002,32547,"Census Tract 420.02, Wyandotte County, Kansas",20,209,042002
1400000US20209040500,43082,"Census Tract 405, Wyandotte County, Kansas",20,209,040500
1400000US20209043903,48000,"Census Tract 439.03, Wyandotte County, Kansas",20,209,043903
1400000US20209041000,21221,"Census Tract 410, Wyandotte County, Kansas",20,209,041000
1400000US20021958500,34288,"Census Tract 9585, Cherokee County, Kansas",20,021,958500
1400000US20021958300,43750,"Census Tract 9583, Cherokee County, Kansas",20,021,958300
1400000US20041084100,59094,"Census Tract 841, Dickinson County, Kansas",20,041,084100
1400000US20041084200,67297,"Census Tract 842, Dickinson County, Kansas",20,041,084200
1400000US20041084300,50529,"Census Tract 843, Dickinson County, Kansas",20,041,084300
1400000US20041084400,46332,"Census Tract 844, Dickinson County, Kansas",20,041,084400
1400000US20041084500,45288,"Census Tract 845, Dickinson County, Kansas",20,041,084500
1400000US20041084600,34483,"Census Tract 846, Dickinson County, Kansas",20,041,084600
1400000US20045000603,83482,"Census Tract 6.03, Douglas County, Kansas",20,045,000603
1400000US20045000604,84536,"Census Tract 6.04, Douglas County, Kansas",20,045,000604
1400000US20045001600,100606,"Census Tract 16, Douglas County, Kansas",20,045,001600
1400000US20049965100,38750,"Census Tract 9651, Elk County, Kansas",20,049,965100
1400000US20051072600,70433,"Census Tract 726, Ellis County, Kansas",20,051,072600
1400000US20051072701,64535,"Census Tract 727.01, Ellis County, Kansas",20,051,072701
1400000US20051072702,58704,"Census Tract 727.02, Ellis County, Kansas",20,051,072702
1400000US20051072800,61128,"Census Tract 728, Ellis County, Kansas",20,051,072800
1400000US20051072900,32397,"Census Tract 729, Ellis County, Kansas",20,051,072900
1400000US20051073000,59107,"Census Tract 730, Ellis County, Kansas",20,051,073000
1400000US20053086600,59198,"Census Tract 866, Ellsworth County, Kansas",20,053,086600
1400000US20053086700,51250,"Census Tract 867, Ellsworth County, Kansas",20,053,086700
1400000US20055960403,64779,"Census Tract 9604.03, Finney County, Kansas",20,055,960403
1400000US20055960401,74722,"Census Tract 9604.01, Finney County, Kansas",20,055,960401
1400000US20055960404,64985,"Census Tract 9604.04, Finney County, Kansas",20,055,960404
1400000US20055960501,68452,"Census Tract 9605.01, Finney County, Kansas",20,055,960501
1400000US20055960503,109167,"Census Tract 9605.03, Finney County, Kansas",20,055,960503
1400000US20055960505,43594,"Census Tract 9605.05, Finney County, Kansas",20,055,960505
1400000US20055960507,54750,"Census Tract 9605.07, Finney County, Kansas",20,055,960507
1400000US20039951200,39167,"Census Tract 9512, Decatur County, Kansas",20,039,951200
1400000US20039951100,64000,"Census Tract 9511, Decatur County, Kansas",20,039,951100
1400000US20087020200,62661,"Census Tract 202, Jefferson County, Kansas",20,087,020200
1400000US20087020300,64485,"Census Tract 203, Jefferson County, Kansas",20,087,020300
1400000US20173002200,67891,"Census Tract 22, Sedgwick County, Kansas",20,173,002200
1400000US20173003000,29940,"Census Tract 30, Sedgwick County, Kansas",20,173,003000
1400000US20173003700,28750,"Census Tract 37, Sedgwick County, Kansas",20,173,003700
1400000US20173007301,94300,"Census Tract 73.01, Sedgwick County, Kansas",20,173,007301
1400000US20173009506,83712,"Census Tract 95.06, Sedgwick County, Kansas",20,173,009506
1400000US20173009509,115000,"Census Tract 95.09, Sedgwick County, Kansas",20,173,009509
1400000US20173009510,97021,"Census Tract 95.10, Sedgwick County, Kansas",20,173,009510
1400000US20171957100,65417,"Census Tract 9571, Scott County, Kansas",20,171,957100
1400000US20133951900,41779,"Census Tract 9519, Neosho County, Kansas",20,133,951900
1400000US20133951600,54435,"Census Tract 9516, Neosho County, Kansas",20,133,951600
1400000US20133952000,54444,"Census Tract 9520, Neosho County, Kansas",20,133,952000
1400000US20133951800,35455,"Census Tract 9518, Neosho County, Kansas",20,133,951800
1400000US20133951700,46977,"Census Tract 9517, Neosho County, Kansas",20,133,951700
1400000US20161000700,53807,"Census Tract 7, Riley County, Kansas",20,161,000700
1400000US20161000802,38125,"Census Tract 8.02, Riley County, Kansas",20,161,000802
1400000US20161000900,56778,"Census Tract 9, Riley County, Kansas",20,161,000900
1400000US20161000500,16929,"Census Tract 5, Riley County, Kansas",20,161,000500
1400000US20161000200,45965,"Census Tract 2, Riley County, Kansas",20,161,000200
1400000US20161000801,30634,"Census Tract 8.01, Riley County, Kansas",20,161,000801
1400000US20161000600,72528,"Census Tract 6, Riley County, Kansas",20,161,000600
1400000US20007968200,50809,"Census Tract 9682, Barber County, Kansas",20,007,968200
1400000US20007968100,49758,"Census Tract 9681, Barber County, Kansas",20,007,968100
1400000US20103070300,56442,"Census Tract 703, Leavenworth County, Kansas",20,103,070300
1400000US20103071000,97165,"Census Tract 710, Leavenworth County, Kansas",20,103,071000
1400000US20103071102,57663,"Census Tract 711.02, Leavenworth County, Kansas",20,103,071102
1400000US20103071101,105192,"Census Tract 711.01, Leavenworth County, Kansas",20,103,071101
1400000US20103070100,38074,"Census Tract 701, Leavenworth County, Kansas",20,103,070100
1400000US20103070700,60432,"Census Tract 707, Leavenworth County, Kansas",20,103,070700
1400000US20103070900,76900,"Census Tract 709, Leavenworth County, Kansas",20,103,070900
1400000US20167973900,47869,"Census Tract 9739, Russell County, Kansas",20,167,973900
1400000US20111000200,61840,"Census Tract 2, Lyon County, Kansas",20,111,000200
1400000US20111000500,40146,"Census Tract 5, Lyon County, Kansas",20,111,000500
1400000US20111000100,27344,"Census Tract 1, Lyon County, Kansas",20,111,000100
1400000US20111000300,43054,"Census Tract 3, Lyon County, Kansas",20,111,000300
1400000US20111000600,66513,"Census Tract 6, Lyon County, Kansas",20,111,000600
1400000US20111000800,62625,"Census Tract 8, Lyon County, Kansas",20,111,000800
1400000US20145970200,45541,"Census Tract 9702, Pawnee County, Kansas",20,145,970200
1400000US20145970300,59157,"Census Tract 9703, Pawnee County, Kansas",20,145,970300
1400000US20001952800,37821,"Census Tract 9528, Allen County, Kansas",20,001,952800
1400000US20001952900,45707,"Census Tract 9529, Allen County, Kansas",20,001,952900
1400000US20001953000,49107,"Census Tract 9530, Allen County, Kansas",20,001,953000
1400000US20001952600,55000,"Census Tract 9526, Allen County, Kansas",20,001,952600
1400000US20001952700,45357,"Census Tract 9527, Allen County, Kansas",20,001,952700
1400000US20023950200,47639,"Census Tract 9502, Cheyenne County, Kansas",20,023,950200
1400000US20111000700,66500,"Census Tract 7, Lyon County, Kansas",20,111,000700
1400000US20111000400,31199,"Census Tract 4, Lyon County, Kansas",20,111,000400
1400000US20033967600,54821,"Census Tract 9676, Comanche County, Kansas",20,033,967600
1400000US20173008000,69282,"Census Tract 80, Sedgwick County, Kansas",20,173,008000
1400000US20173004000,25929,"Census Tract 40, Sedgwick County, Kansas",20,173,004000
1400000US20173007201,86929,"Census Tract 72.01, Sedgwick County, Kansas",20,173,007201
1400000US20173010002,93299,"Census Tract 100.02, Sedgwick County, Kansas",20,173,010002
1400000US20173009301,44046,"Census Tract 93.01, Sedgwick County, Kansas",20,173,009301
1400000US20173009513,76717,"Census Tract 95.13, Sedgwick County, Kansas",20,173,009513
1400000US20173010005,77567,"Census Tract 100.05, Sedgwick County, Kansas",20,173,010005
1400000US20173010200,75562,"Census Tract 102, Sedgwick County, Kansas",20,173,010200
1400000US20173008900,43545,"Census Tract 89, Sedgwick County, Kansas",20,173,008900
1400000US20173007700,42833,"Census Tract 77, Sedgwick County, Kansas",20,173,007700
1400000US20173008100,57109,"Census Tract 81, Sedgwick County, Kansas",20,173,008100
1400000US20173008300,53875,"Census Tract 83, Sedgwick County, Kansas",20,173,008300
1400000US20173009000,41360,"Census Tract 90, Sedgwick County, Kansas",20,173,009000
1400000US20173009401,74435,"Census Tract 94.01, Sedgwick County, Kansas",20,173,009401
1400000US20173010106,76313,"Census Tract 101.06, Sedgwick County, Kansas",20,173,010106
1400000US20173010110,85563,"Census Tract 101.10, Sedgwick County, Kansas",20,173,010110
1400000US20173010700,71055,"Census Tract 107, Sedgwick County, Kansas",20,173,010700
1400000US20173003200,37987,"Census Tract 32, Sedgwick County, Kansas",20,173,003200
1400000US20173005501,62663,"Census Tract 55.01, Sedgwick County, Kansas",20,173,005501
1400000US20103070500,43705,"Census Tract 705, Leavenworth County, Kansas",20,103,070500
1400000US20177003400,88495,"Census Tract 34, Shawnee County, Kansas",20,177,003400
1400000US20177003601,84797,"Census Tract 36.01, Shawnee County, Kansas",20,177,003601
1400000US20177000400,26525,"Census Tract 4, Shawnee County, Kansas",20,177,000400
1400000US20177001000,36198,"Census Tract 10, Shawnee County, Kansas",20,177,001000
1400000US20177001200,43364,"Census Tract 12, Shawnee County, Kansas",20,177,001200
1400000US20177001900,66288,"Census Tract 19, Shawnee County, Kansas",20,177,001900
1400000US20177002500,53750,"Census Tract 25, Shawnee County, Kansas",20,177,002500
1400000US20177002702,61574,"Census Tract 27.02, Shawnee County, Kansas",20,177,002702
1400000US20021958200,54923,"Census Tract 9582, Cherokee County, Kansas",20,021,958200
1400000US20021958600,37188,"Census Tract 9586, Cherokee County, Kansas",20,021,958600
1400000US20021958100,36716,"Census Tract 9581, Cherokee County, Kansas",20,021,958100
1400000US20021958400,58077,"Census Tract 9584, Cherokee County, Kansas",20,021,958400
1400000US20015020400,33750,"Census Tract 204, Butler County, Kansas",20,015,020400
1400000US20015020500,43827,"Census Tract 205, Butler County, Kansas",20,015,020500
1400000US20015020902,73258,"Census Tract 209.02, Butler County, Kansas",20,015,020902
1400000US20015020203,87994,"Census Tract 202.03, Butler County, Kansas",20,015,020203
1400000US20015020700,51861,"Census Tract 207, Butler County, Kansas",20,015,020700
1400000US20015020800,33892,"Census Tract 208, Butler County, Kansas",20,015,020800
1400000US20045001201,93864,"Census Tract 12.01, Douglas County, Kansas",20,045,001201
1400000US20179952600,58750,"Census Tract 9526, Sheridan County, Kansas",20,179,952600
1400000US20179952700,65375,"Census Tract 9527, Sheridan County, Kansas",20,179,952700
1400000US20121100300,93125,"Census Tract 1003, Miami County, Kansas",20,121,100300
1400000US20173006100,48571,"Census Tract 61, Sedgwick County, Kansas",20,173,006100
1400000US20173006400,60417,"Census Tract 64, Sedgwick County, Kansas",20,173,006400
1400000US20173006600,56615,"Census Tract 66, Sedgwick County, Kansas",20,173,006600
1400000US20173007000,35516,"Census Tract 70, Sedgwick County, Kansas",20,173,007000
1400000US20173007600,56047,"Census Tract 76, Sedgwick County, Kansas",20,173,007600
1400000US20173009700,69526,"Census Tract 97, Sedgwick County, Kansas",20,173,009700
1400000US20173010003,68477,"Census Tract 100.03, Sedgwick County, Kansas",20,173,010003
1400000US20173010108,77372,"Census Tract 101.08, Sedgwick County, Kansas",20,173,010108
1400000US20173002000,85714,"Census Tract 20, Sedgwick County, Kansas",20,173,002000
1400000US20173000200,56585,"Census Tract 2, Sedgwick County, Kansas",20,173,000200
1400000US20173002600,37895,"Census Tract 26, Sedgwick County, Kansas",20,173,002600
1400000US20173002900,36010,"Census Tract 29, Sedgwick County, Kansas",20,173,002900
1400000US20173003500,38864,"Census Tract 35, Sedgwick County, Kansas",20,173,003500
1400000US20177002800,43451,"Census Tract 28, Shawnee County, Kansas",20,177,002800
1400000US20177003301,67414,"Census Tract 33.01, Shawnee County, Kansas",20,177,003301
1400000US20177003700,66750,"Census Tract 37, Shawnee County, Kansas",20,177,003700
1400000US20177003001,45871,"Census Tract 30.01, Shawnee County, Kansas",20,177,003001
1400000US20177003100,39090,"Census Tract 31, Shawnee County, Kansas",20,177,003100
1400000US20177003902,86585,"Census Tract 39.02, Shawnee County, Kansas",20,177,003902
1400000US20177001100,31536,"Census Tract 11, Shawnee County, Kansas",20,177,001100
1400000US20177002900,38272,"Census Tract 29, Shawnee County, Kansas",20,177,002900
1400000US20177003604,98581,"Census Tract 36.04, Shawnee County, Kansas",20,177,003604
1400000US20177000500,28954,"Census Tract 5, Shawnee County, Kansas",20,177,000500
1400000US20177000900,39955,"Census Tract 9, Shawnee County, Kansas",20,177,000900
1400000US20177001800,56786,"Census Tract 18, Shawnee County, Kansas",20,177,001800
1400000US20177003002,65708,"Census Tract 30.02, Shawnee County, Kansas",20,177,003002
1400000US20177003901,85791,"Census Tract 39.01, Shawnee County, Kansas",20,177,003901
1400000US20177000800,37690,"Census Tract 8, Shawnee County, Kansas",20,177,000800
1400000US20177002200,49458,"Census Tract 22, Shawnee County, Kansas",20,177,002200
1400000US20177003302,94556,"Census Tract 33.02, Shawnee County, Kansas",20,177,003302
1400000US20177003500,73333,"Census Tract 35, Shawnee County, Kansas",20,177,003500
1400000US20177003605,94599,"Census Tract 36.05, Shawnee County, Kansas",20,177,003605
1400000US20177001300,45769,"Census Tract 13, Shawnee County, Kansas",20,177,001300
1400000US20177004000,19058,"Census Tract 40, Shawnee County, Kansas",20,177,004000
1400000US20177002602,52019,"Census Tract 26.02, Shawnee County, Kansas",20,177,002602
1400000US20177000600,29482,"Census Tract 6, Shawnee County, Kansas",20,177,000600
1400000US20177001601,60147,"Census Tract 16.01, Shawnee County, Kansas",20,177,001601
1400000US20177002400,41547,"Census Tract 24, Shawnee County, Kansas",20,177,002400
1400000US20091053711,109281,"Census Tract 537.11, Johnson County, Kansas",20,091,053711
1400000US20091053712,92469,"Census Tract 537.12, Johnson County, Kansas",20,091,053712
1400000US20091053803,124688,"Census Tract 538.03, Johnson County, Kansas",20,091,053803
1400000US20121100100,82204,"Census Tract 1001, Miami County, Kansas",20,121,100100
1400000US20121100602,74324,"Census Tract 1006.02, Miami County, Kansas",20,121,100602
1400000US20121100500,79931,"Census Tract 1005, Miami County, Kansas",20,121,100500
1400000US20121100700,53559,"Census Tract 1007, Miami County, Kansas",20,121,100700
1400000US20121100400,81806,"Census Tract 1004, Miami County, Kansas",20,121,100400
1400000US20121100601,54394,"Census Tract 1006.01, Miami County, Kansas",20,121,100601
1400000US20121100200,86910,"Census Tract 1002, Miami County, Kansas",20,121,100200
1400000US20069962600,69095,"Census Tract 9626, Gray County, Kansas",20,069,962600
1400000US20069962700,62014,"Census Tract 9627, Gray County, Kansas",20,069,962700
1400000US20199954100,63269,"Census Tract 9541, Wallace County, Kansas",20,199,954100
1400000US20189965100,79375,"Census Tract 9651, Stevens County, Kansas",20,189,965100
1400000US20189965200,48717,"Census Tract 9652, Stevens County, Kansas",20,189,965200
1400000US20201978700,49875,"Census Tract 9787, Washington County, Kansas",20,201,978700
1400000US20201978600,50982,"Census Tract 9786, Washington County, Kansas",20,201,978600
1400000US20203957600,57978,"Census Tract 9576, Wichita County, Kansas",20,203,957600
1400000US20129964600,47750,"Census Tract 9646, Morton County, Kansas",20,129,964600
1400000US20137951700,49038,"Census Tract 9517, Norton County, Kansas",20,137,951700
1400000US20155001600,51359,"Census Tract 16, Reno County, Kansas",20,155,001600
1400000US20155001000,36597,"Census Tract 10, Reno County, Kansas",20,155,001000
1400000US20155001800,58516,"Census Tract 18, Reno County, Kansas",20,155,001800
1400000US20155000200,47136,"Census Tract 2, Reno County, Kansas",20,155,000200
1400000US20155000600,24893,"Census Tract 6, Reno County, Kansas",20,155,000600
1400000US20015020901,78000,"Census Tract 209.01, Butler County, Kansas",20,015,020901
1400000US20015020300,59063,"Census Tract 203, Butler County, Kansas",20,015,020300
1400000US20015020100,63511,"Census Tract 201, Butler County, Kansas",20,015,020100
1400000US20015020201,80850,"Census Tract 202.01, Butler County, Kansas",20,015,020201
1400000US20015020600,70464,"Census Tract 206, Butler County, Kansas",20,015,020600
1400000US20015020903,63351,"Census Tract 209.03, Butler County, Kansas",20,015,020903
1400000US20015020202,86174,"Census Tract 202.02, Butler County, Kansas",20,015,020202
1400000US20169000200,30250,"Census Tract 2, Saline County, Kansas",20,169,000200
1400000US20169000800,64250,"Census Tract 8, Saline County, Kansas",20,169,000800
1400000US20169000400,45552,"Census Tract 4, Saline County, Kansas",20,169,000400
1400000US20169000600,51832,"Census Tract 6, Saline County, Kansas",20,169,000600
1400000US20169001000,82231,"Census Tract 10, Saline County, Kansas",20,169,001000
1400000US20169001200,67281,"Census Tract 12, Saline County, Kansas",20,169,001200
1400000US20173004300,30615,"Census Tract 43, Sedgwick County, Kansas",20,173,004300
1400000US20173005400,47356,"Census Tract 54, Sedgwick County, Kansas",20,173,005400
1400000US20173005700,62469,"Census Tract 57, Sedgwick County, Kansas",20,173,005700
1400000US20173009508,67465,"Census Tract 95.08, Sedgwick County, Kansas",20,173,009508
1400000US20173008200,50112,"Census Tract 82, Sedgwick County, Kansas",20,173,008200
1400000US20173008700,33550,"Census Tract 87, Sedgwick County, Kansas",20,173,008700
1400000US20173008800,51429,"Census Tract 88, Sedgwick County, Kansas",20,173,008800
1400000US20173009900,79521,"Census Tract 99, Sedgwick County, Kansas",20,173,009900
1400000US20173000900,27672,"Census Tract 9, Sedgwick County, Kansas",20,173,000900
1400000US20173005200,36071,"Census Tract 52, Sedgwick County, Kansas",20,173,005200
1400000US20173005600,55000,"Census Tract 56, Sedgwick County, Kansas",20,173,005600
1400000US20173006800,29533,"Census Tract 68, Sedgwick County, Kansas",20,173,006800
1400000US20173009402,45250,"Census Tract 94.02, Sedgwick County, Kansas",20,173,009402
1400000US20173009504,74792,"Census Tract 95.04, Sedgwick County, Kansas",20,173,009504
1400000US20173009512,83370,"Census Tract 95.12, Sedgwick County, Kansas",20,173,009512
1400000US20173010001,111250,"Census Tract 100.01, Sedgwick County, Kansas",20,173,010001
1400000US20173010107,54157,"Census Tract 101.07, Sedgwick County, Kansas",20,173,010107
1400000US20173010109,35950,"Census Tract 101.09, Sedgwick County, Kansas",20,173,010109
1400000US20173009503,103180,"Census Tract 95.03, Sedgwick County, Kansas",20,173,009503
1400000US20173001100,38017,"Census Tract 11, Sedgwick County, Kansas",20,173,001100
1400000US20173003800,33200,"Census Tract 38, Sedgwick County, Kansas",20,173,003800
1400000US20127963700,54280,"Census Tract 9637, Morris County, Kansas",20,127,963700
1400000US20131480100,61971,"Census Tract 4801, Nemaha County, Kansas",20,131,480100
1400000US20131480200,59732,"Census Tract 4802, Nemaha County, Kansas",20,131,480200
1400000US20131480300,72694,"Census Tract 4803, Nemaha County, Kansas",20,131,480300
1400000US20141474100,51286,"Census Tract 4741, Osborne County, Kansas",20,141,474100
1400000US20143085600,66635,"Census Tract 856, Ottawa County, Kansas",20,143,085600
1400000US20143085700,50445,"Census Tract 857, Ottawa County, Kansas",20,143,085700
1400000US20147475200,50766,"Census Tract 4752, Phillips County, Kansas",20,147,475200
1400000US20147475300,49555,"Census Tract 4753, Phillips County, Kansas",20,147,475300
1400000US20159967100,46742,"Census Tract 9671, Rice County, Kansas",20,159,967100
1400000US20147475100,51771,"Census Tract 4751, Phillips County, Kansas",20,147,475100
1400000US20159967200,54901,"Census Tract 9672, Rice County, Kansas",20,159,967200
1400000US20159967300,56705,"Census Tract 9673, Rice County, Kansas",20,159,967300
1400000US20161000303,25500,"Census Tract 3.03, Riley County, Kansas",20,161,000303
1400000US20161000304,51062,"Census Tract 3.04, Riley County, Kansas",20,161,000304
1400000US20161001100,52375,"Census Tract 11, Riley County, Kansas",20,161,001100
1400000US20177002601,48298,"Census Tract 26.01, Shawnee County, Kansas",20,177,002601
1400000US20177002100,44476,"Census Tract 21, Shawnee County, Kansas",20,177,002100
1400000US20177004100,58514,"Census Tract 41, Shawnee County, Kansas",20,177,004100
1400000US20177000700,47656,"Census Tract 7, Shawnee County, Kansas",20,177,000700
1400000US20177002701,59375,"Census Tract 27.01, Shawnee County, Kansas",20,177,002701
1400000US20187964100,52054,"Census Tract 9641, Stanton County, Kansas",20,187,964100
1400000US20193953400,64293,"Census Tract 9534, Thomas County, Kansas",20,193,953400
1400000US20193953100,58696,"Census Tract 9531, Thomas County, Kansas",20,193,953100
1400000US20119966600,61406,"Census Tract 9666, Meade County, Kansas",20,119,966600
1400000US20173009802,80000,"Census Tract 98.02, Sedgwick County, Kansas",20,173,009802
1400000US20173010004,76179,"Census Tract 100.04, Sedgwick County, Kansas",20,173,010004
1400000US20173000100,42336,"Census Tract 1, Sedgwick County, Kansas",20,173,000100
1400000US20173000700,25423,"Census Tract 7, Sedgwick County, Kansas",20,173,000700
1400000US20173001000,44888,"Census Tract 10, Sedgwick County, Kansas",20,173,001000
1400000US20173002100,74801,"Census Tract 21, Sedgwick County, Kansas",20,173,002100
1400000US20173002400,18125,"Census Tract 24, Sedgwick County, Kansas",20,173,002400
1400000US20173002700,31060,"Census Tract 27, Sedgwick County, Kansas",20,173,002700
1400000US20173003900,40957,"Census Tract 39, Sedgwick County, Kansas",20,173,003900
1400000US20173005100,37481,"Census Tract 51, Sedgwick County, Kansas",20,173,005100
1400000US20173005900,47986,"Census Tract 59, Sedgwick County, Kansas",20,173,005900
1400000US20173006200,31057,"Census Tract 62, Sedgwick County, Kansas",20,173,006200
1400000US20173006300,42143,"Census Tract 63, Sedgwick County, Kansas",20,173,006300
1400000US20173006500,27734,"Census Tract 65, Sedgwick County, Kansas",20,173,006500
1400000US20173006900,36579,"Census Tract 69, Sedgwick County, Kansas",20,173,006900
1400000US20173007400,150625,"Census Tract 74, Sedgwick County, Kansas",20,173,007400
1400000US20173007800,24238,"Census Tract 78, Sedgwick County, Kansas",20,173,007800
1400000US20173009100,58430,"Census Tract 91, Sedgwick County, Kansas",20,173,009100
1400000US20173009801,51938,"Census Tract 98.01, Sedgwick County, Kansas",20,173,009801
1400000US20173010300,89947,"Census Tract 103, Sedgwick County, Kansas",20,173,010300
1400000US20177001500,43417,"Census Tract 15, Shawnee County, Kansas",20,177,001500
1400000US20173010500,84521,"Census Tract 105, Sedgwick County, Kansas",20,173,010500
1400000US20173010600,99886,"Census Tract 106, Sedgwick County, Kansas",20,173,010600
1400000US20173001800,31010,"Census Tract 18, Sedgwick County, Kansas",20,173,001800
1400000US20173006700,34912,"Census Tract 67, Sedgwick County, Kansas",20,173,006700
1400000US20173002300,48942,"Census Tract 23, Sedgwick County, Kansas",20,173,002300
1400000US20173002800,38027,"Census Tract 28, Sedgwick County, Kansas",20,173,002800
1400000US20173005800,29531,"Census Tract 58, Sedgwick County, Kansas",20,173,005800
1400000US20173007302,84559,"Census Tract 73.02, Sedgwick County, Kansas",20,173,007302
1400000US20173001900,43511,"Census Tract 19, Sedgwick County, Kansas",20,173,001900
1400000US20091053705,60250,"Census Tract 537.05, Johnson County, Kansas",20,091,053705
1400000US20091053804,166250,"Census Tract 538.04, Johnson County, Kansas",20,091,053804
1400000US20091980001,-666666666,"Census Tract 9800.01, Johnson County, Kansas",20,091,980001
1400000US20091053703,57361,"Census Tract 537.03, Johnson County, Kansas",20,091,053703
1400000US20091053707,77431,"Census Tract 537.07, Johnson County, Kansas",20,091,053707
1400000US20091980003,-666666666,"Census Tract 9800.03, Johnson County, Kansas",20,091,980003
1400000US20091980002,-666666666,"Census Tract 9800.02, Johnson County, Kansas",20,091,980002
1400000US20103071202,96776,"Census Tract 712.02, Leavenworth County, Kansas",20,103,071202
1400000US20103071203,83556,"Census Tract 712.03, Leavenworth County, Kansas",20,103,071203
1400000US20103071600,100223,"Census Tract 716, Leavenworth County, Kansas",20,103,071600
1400000US20095961100,69500,"Census Tract 9611, Kingman County, Kansas",20,095,961100
1400000US20095961200,56905,"Census Tract 9612, Kingman County, Kansas",20,095,961200
1400000US20095961300,55568,"Census Tract 9613, Kingman County, Kansas",20,095,961300
1400000US20103071800,66546,"Census Tract 718, Leavenworth County, Kansas",20,103,071800
1400000US20103981900,95250,"Census Tract 9819, Leavenworth County, Kansas",20,103,981900
1400000US20105086100,45076,"Census Tract 861, Lincoln County, Kansas",20,105,086100
1400000US20113788100,64833,"Census Tract 7881, McPherson County, Kansas",20,113,788100
1400000US20113788200,55357,"Census Tract 7882, McPherson County, Kansas",20,113,788200
1400000US20113788300,57895,"Census Tract 7883, McPherson County, Kansas",20,113,788300
1400000US20113788400,59250,"Census Tract 7884, McPherson County, Kansas",20,113,788400
1400000US20113788500,59677,"Census Tract 7885, McPherson County, Kansas",20,113,788500
1400000US20113788600,53855,"Census Tract 7886, McPherson County, Kansas",20,113,788600
1400000US20113788700,60985,"Census Tract 7887, McPherson County, Kansas",20,113,788700
1400000US20115489500,44833,"Census Tract 4895, Marion County, Kansas",20,115,489500
1400000US20169000700,76667,"Census Tract 7, Saline County, Kansas",20,169,000700
1400000US20169001100,79663,"Census Tract 11, Saline County, Kansas",20,169,001100
1400000US20169000100,36504,"Census Tract 1, Saline County, Kansas",20,169,000100
1400000US20169000500,38355,"Census Tract 5, Saline County, Kansas",20,169,000500
1400000US20169000300,32058,"Census Tract 3, Saline County, Kansas",20,169,000300
1400000US20169000900,48424,"Census Tract 9, Saline County, Kansas",20,169,000900
1400000US20195955800,57966,"Census Tract 9558, Trego County, Kansas",20,195,955800
1400000US20077961800,51979,"Census Tract 9618, Harper County, Kansas",20,077,961800
1400000US20083461100,61211,"Census Tract 4611, Hodgeman County, Kansas",20,083,461100
1400000US20085082600,61418,"Census Tract 826, Jackson County, Kansas",20,085,082600
1400000US20003953600,44083,"Census Tract 9536, Anderson County, Kansas",20,003,953600
1400000US20173007101,42007,"Census Tract 71.01, Sedgwick County, Kansas",20,173,007101
1400000US20161001301,77674,"Census Tract 13.01, Riley County, Kansas",20,161,001301
1400000US20161001302,78246,"Census Tract 13.02, Riley County, Kansas",20,161,001302
1400000US20161980000,-666666666,"Census Tract 9800, Riley County, Kansas",20,161,980000
1400000US20173007102,36806,"Census Tract 71.02, Sedgwick County, Kansas",20,173,007102
1400000US20173007203,48525,"Census Tract 72.03, Sedgwick County, Kansas",20,173,007203
1400000US20173007204,79979,"Census Tract 72.04, Sedgwick County, Kansas",20,173,007204
1400000US20173009603,77917,"Census Tract 96.03, Sedgwick County, Kansas",20,173,009603
1400000US20161001002,40500,"Census Tract 10.02, Riley County, Kansas",20,161,001002
1400000US20005081600,59250,"Census Tract 816, Atchison County, Kansas",20,005,081600
1400000US20005081700,54102,"Census Tract 817, Atchison County, Kansas",20,005,081700
1400000US20005081800,59222,"Census Tract 818, Atchison County, Kansas",20,005,081800
1400000US20005081900,37358,"Census Tract 819, Atchison County, Kansas",20,005,081900
1400000US20013480600,55000,"Census Tract 4806, Brown County, Kansas",20,013,480600
1400000US20013480700,45208,"Census Tract 4807, Brown County, Kansas",20,013,480700
1400000US20013480800,48682,"Census Tract 4808, Brown County, Kansas",20,013,480800
1400000US20017960600,45353,"Census Tract 9606, Chase County, Kansas",20,017,960600
1400000US20019964600,40298,"Census Tract 9646, Chautauqua County, Kansas",20,019,964600
1400000US20115489600,55147,"Census Tract 4896, Marion County, Kansas",20,115,489600
1400000US20115489700,50449,"Census Tract 4897, Marion County, Kansas",20,115,489700
1400000US20115489800,53650,"Census Tract 4898, Marion County, Kansas",20,115,489800
1400000US20117040701,59013,"Census Tract 407.01, Marshall County, Kansas",20,117,040701
1400000US20117060510,44056,"Census Tract 605.10, Marshall County, Kansas",20,117,060510
1400000US20117070182,55143,"Census Tract 701.82, Marshall County, Kansas",20,117,070182
1400000US20117090186,54750,"Census Tract 901.86, Marshall County, Kansas",20,117,090186
1400000US20123176600,46722,"Census Tract 1766, Mitchell County, Kansas",20,123,176600
1400000US20123176700,44018,"Census Tract 1767, Mitchell County, Kansas",20,123,176700
1400000US20127963600,58472,"Census Tract 9636, Morris County, Kansas",20,127,963600
1400000US20067963600,71154,"Census Tract 9636, Grant County, Kansas",20,067,963600
1400000US20067963700,51846,"Census Tract 9637, Grant County, Kansas",20,067,963700
1400000US20109954600,51740,"Census Tract 9546, Logan County, Kansas",20,109,954600
1400000US20149000200,62358,"Census Tract 2, Pottawatomie County, Kansas",20,149,000200
1400000US20149000400,61528,"Census Tract 4, Pottawatomie County, Kansas",20,149,000400
1400000US20149000100,74857,"Census Tract 1, Pottawatomie County, Kansas",20,149,000100
1400000US20149000300,66583,"Census Tract 3, Pottawatomie County, Kansas",20,149,000300
1400000US20209044500,36875,"Census Tract 445, Wyandotte County, Kansas",20,209,044500
1400000US20209045000,40671,"Census Tract 450, Wyandotte County, Kansas",20,209,045000
1400000US20209041300,35833,"Census Tract 413, Wyandotte County, Kansas",20,209,041300
1400000US20209041700,32750,"Census Tract 417, Wyandotte County, Kansas",20,209,041700
1400000US20209042200,37196,"Census Tract 422, Wyandotte County, Kansas",20,209,042200
1400000US20209045100,36364,"Census Tract 451, Wyandotte County, Kansas",20,209,045100
1400000US20173009604,73024,"Census Tract 96.04, Sedgwick County, Kansas",20,173,009604
1400000US20173009605,90625,"Census Tract 96.05, Sedgwick County, Kansas",20,173,009605
1400000US20173010111,91179,"Census Tract 101.11, Sedgwick County, Kansas",20,173,010111
1400000US20173010113,89840,"Census Tract 101.13, Sedgwick County, Kansas",20,173,010113
1400000US20173010115,117283,"Census Tract 101.15, Sedgwick County, Kansas",20,173,010115
1400000US20173010116,103750,"Census Tract 101.16, Sedgwick County, Kansas",20,173,010116
1400000US20173010801,49469,"Census Tract 108.01, Sedgwick County, Kansas",20,173,010801
1400000US20173010802,48750,"Census Tract 108.02, Sedgwick County, Kansas",20,173,010802
1400000US20177001603,34952,"Census Tract 16.03, Shawnee County, Kansas",20,177,001603
1400000US20177001604,52932,"Census Tract 16.04, Shawnee County, Kansas",20,177,001604
1400000US20177003606,70858,"Census Tract 36.06, Shawnee County, Kansas",20,177,003606
1400000US20177003607,86746,"Census Tract 36.07, Shawnee County, Kansas",20,177,003607
1400000US20181453600,54600,"Census Tract 4536, Sherman County, Kansas",20,181,453600
1400000US20181453700,54848,"Census Tract 4537, Sherman County, Kansas",20,181,453700
1400000US20183475800,40149,"Census Tract 4758, Smith County, Kansas",20,183,475800
1400000US20183475900,49191,"Census Tract 4759, Smith County, Kansas",20,183,475900
1400000US20185470600,45326,"Census Tract 4706, Stafford County, Kansas",20,185,470600
1400000US20185470700,54077,"Census Tract 4707, Stafford County, Kansas",20,185,470700
1400000US20191962100,63036,"Census Tract 9621, Sumner County, Kansas",20,191,962100
1400000US20191962200,60776,"Census Tract 9622, Sumner County, Kansas",20,191,962200
1400000US20079030600,59320,"Census Tract 306, Harvey County, Kansas",20,079,030600
1400000US20079030100,49583,"Census Tract 301, Harvey County, Kansas",20,079,030100
1400000US20079030500,64454,"Census Tract 305, Harvey County, Kansas",20,079,030500
1400000US20093959100,52599,"Census Tract 9591, Kearny County, Kansas",20,093,959100
1400000US20139010100,59805,"Census Tract 101, Osage County, Kansas",20,139,010100
1400000US20139010400,37917,"Census Tract 104, Osage County, Kansas",20,139,010400
1400000US20139010200,55066,"Census Tract 102, Osage County, Kansas",20,139,010200
1400000US20139010300,61534,"Census Tract 103, Osage County, Kansas",20,139,010300
1400000US20139010500,57212,"Census Tract 105, Osage County, Kansas",20,139,010500
1400000US20071958100,54112,"Census Tract 9581, Greeley County, Kansas",20,071,958100
1400000US20037957500,22955,"Census Tract 9575, Crawford County, Kansas",20,037,957500
1400000US20037956600,41157,"Census Tract 9566, Crawford County, Kansas",20,037,956600
1400000US20037956700,48245,"Census Tract 9567, Crawford County, Kansas",20,037,956700
1400000US20037957200,36891,"Census Tract 9572, Crawford County, Kansas",20,037,957200
1400000US20037957400,51587,"Census Tract 9574, Crawford County, Kansas",20,037,957400
1400000US20037957600,36500,"Census Tract 9576, Crawford County, Kansas",20,037,957600
1400000US20037957000,52969,"Census Tract 9570, Crawford County, Kansas",20,037,957000
1400000US20037956900,49761,"Census Tract 9569, Crawford County, Kansas",20,037,956900
1400000US20037957100,26875,"Census Tract 9571, Crawford County, Kansas",20,037,957100
1400000US20037956800,43355,"Census Tract 9568, Crawford County, Kansas",20,037,956800
1400000US20031966200,75882,"Census Tract 9662, Coffey County, Kansas",20,031,966200
1400000US20027458100,58552,"Census Tract 4581, Clay County, Kansas",20,027,458100
1400000US20027458200,46083,"Census Tract 4582, Clay County, Kansas",20,027,458200
1400000US20031966100,61029,"Census Tract 9661, Coffey County, Kansas",20,031,966100
1400000US20031966300,48750,"Census Tract 9663, Coffey County, Kansas",20,031,966300
1400000US20035493100,54290,"Census Tract 4931, Cowley County, Kansas",20,035,493100
1400000US20035493200,61938,"Census Tract 4932, Cowley County, Kansas",20,035,493200
1400000US20035493300,68438,"Census Tract 4933, Cowley County, Kansas",20,035,493300
1400000US20035493400,42986,"Census Tract 4934, Cowley County, Kansas",20,035,493400
1400000US20035493500,42027,"Census Tract 4935, Cowley County, Kansas",20,035,493500
1400000US20035493600,48384,"Census Tract 4936, Cowley County, Kansas",20,035,493600
1400000US20035493700,44583,"Census Tract 4937, Cowley County, Kansas",20,035,493700
1400000US20209044603,-666666666,"Census Tract 446.03, Wyandotte County, Kansas",20,209,044603
1400000US20209044704,75833,"Census Tract 447.04, Wyandotte County, Kansas",20,209,044704
1400000US20209044804,109150,"Census Tract 448.04, Wyandotte County, Kansas",20,209,044804
1400000US20209044805,81406,"Census Tract 448.05, Wyandotte County, Kansas",20,209,044805
1400000US20209044806,113594,"Census Tract 448.06, Wyandotte County, Kansas",20,209,044806
1400000US20209044900,51834,"Census Tract 449, Wyandotte County, Kansas",20,209,044900
1400000US20209040200,28409,"Census Tract 402, Wyandotte County, Kansas",20,209,040200
1400000US20209041900,53438,"Census Tract 419, Wyandotte County, Kansas",20,209,041900
1400000US20209042001,31950,"Census Tract 420.01, Wyandotte County, Kansas",20,209,042001
1400000US20209043600,60655,"Census Tract 436, Wyandotte County, Kansas",20,209,043600
1400000US20209041100,13824,"Census Tract 411, Wyandotte County, Kansas",20,209,041100
1400000US20209040002,-666666666,"Census Tract 400.02, Wyandotte County, Kansas",20,209,040002
1400000US20209040700,25707,"Census Tract 407, Wyandotte County, Kansas",20,209,040700
1400000US20209040800,30673,"Census Tract 408, Wyandotte County, Kansas",20,209,040800
1400000US20209042300,26264,"Census Tract 423, Wyandotte County, Kansas",20,209,042300
1400000US20209042501,-666666666,"Census Tract 425.01, Wyandotte County, Kansas",20,209,042501
1400000US20209042600,34226,"Census Tract 426, Wyandotte County, Kansas",20,209,042600
1400000US20209043904,33327,"Census Tract 439.04, Wyandotte County, Kansas",20,209,043904
1400000US20209044303,38575,"Census Tract 443.03, Wyandotte County, Kansas",20,209,044303
1400000US20209045200,46750,"Census Tract 452, Wyandotte County, Kansas",20,209,045200
1400000US20209043905,28657,"Census Tract 439.05, Wyandotte County, Kansas",20,209,043905
1400000US20209044201,62352,"Census Tract 442.01, Wyandotte County, Kansas",20,209,044201
1400000US20209044301,38832,"Census Tract 443.01, Wyandotte County, Kansas",20,209,044301
1400000US20209040600,41642,"Census Tract 406, Wyandotte County, Kansas",20,209,040600
1400000US20091051902,77613,"Census Tract 519.02, Johnson County, Kansas",20,091,051902
1400000US20209042502,-666666666,"Census Tract 425.02, Wyandotte County, Kansas",20,209,042502
1400000US20091050200,80604,"Census Tract 502, Johnson County, Kansas",20,091,050200
1400000US20091051000,104352,"Census Tract 510, Johnson County, Kansas",20,091,051000
1400000US20091052102,54844,"Census Tract 521.02, Johnson County, Kansas",20,091,052102
1400000US20091052405,74274,"Census Tract 524.05, Johnson County, Kansas",20,091,052405
1400000US20091052700,74076,"Census Tract 527, Johnson County, Kansas",20,091,052700
1400000US20091052904,80957,"Census Tract 529.04, Johnson County, Kansas",20,091,052904
1400000US20091052908,57646,"Census Tract 529.08, Johnson County, Kansas",20,091,052908
1400000US20091053010,131486,"Census Tract 530.10, Johnson County, Kansas",20,091,053010
1400000US20091053301,148346,"Census Tract 533.01, Johnson County, Kansas",20,091,053301
1400000US20119966700,58100,"Census Tract 9667, Meade County, Kansas",20,119,966700
1400000US20125951300,44659,"Census Tract 9513, Montgomery County, Kansas",20,125,951300
1400000US20125950700,68209,"Census Tract 9507, Montgomery County, Kansas",20,125,950700
1400000US20125950300,50693,"Census Tract 9503, Montgomery County, Kansas",20,125,950300
1400000US20125950900,26827,"Census Tract 9509, Montgomery County, Kansas",20,125,950900
1400000US20125951200,27470,"Census Tract 9512, Montgomery County, Kansas",20,125,951200
1400000US20125951000,22705,"Census Tract 9510, Montgomery County, Kansas",20,125,951000
1400000US20125950100,57039,"Census Tract 9501, Montgomery County, Kansas",20,125,950100
1400000US20125951100,37750,"Census Tract 9511, Montgomery County, Kansas",20,125,951100
1400000US20125950400,37833,"Census Tract 9504, Montgomery County, Kansas",20,125,950400
1400000US20125950500,52717,"Census Tract 9505, Montgomery County, Kansas",20,125,950500
1400000US20091053406,119802,"Census Tract 534.06, Johnson County, Kansas",20,091,053406
1400000US20091050302,54148,"Census Tract 503.02, Johnson County, Kansas",20,091,050302
1400000US20091051600,142965,"Census Tract 516, Johnson County, Kansas",20,091,051600
1400000US20091051903,56000,"Census Tract 519.03, Johnson County, Kansas",20,091,051903
1400000US20091050800,250001,"Census Tract 508, Johnson County, Kansas",20,091,050800
1400000US20091051400,101250,"Census Tract 514, Johnson County, Kansas",20,091,051400
1400000US20091051700,151607,"Census Tract 517, Johnson County, Kansas",20,091,051700
1400000US20091051806,106813,"Census Tract 518.06, Johnson County, Kansas",20,091,051806
1400000US20091052101,64113,"Census Tract 521.01, Johnson County, Kansas",20,091,052101
1400000US20091050400,56080,"Census Tract 504, Johnson County, Kansas",20,091,050400
1400000US20091051801,105063,"Census Tract 518.01, Johnson County, Kansas",20,091,051801
1400000US20003953700,54926,"Census Tract 9537, Anderson County, Kansas",20,003,953700
1400000US20025967100,53348,"Census Tract 9671, Clark County, Kansas",20,025,967100
1400000US20061000200,37174,"Census Tract 2, Geary County, Kansas",20,061,000200
1400000US20061000300,49476,"Census Tract 3, Geary County, Kansas",20,061,000300
1400000US20061000500,46708,"Census Tract 5, Geary County, Kansas",20,061,000500
1400000US20061000400,55967,"Census Tract 4, Geary County, Kansas",20,061,000400
1400000US20061000600,43576,"Census Tract 6, Geary County, Kansas",20,061,000600
1400000US20061000700,50658,"Census Tract 7, Geary County, Kansas",20,061,000700
1400000US20061000800,85290,"Census Tract 8, Geary County, Kansas",20,061,000800
1400000US20061000100,39271,"Census Tract 1, Geary County, Kansas",20,061,000100
1400000US20057961700,60833,"Census Tract 9617, Ford County, Kansas",20,057,961700
1400000US20057961600,65000,"Census Tract 9616, Ford County, Kansas",20,057,961600
1400000US20057961900,61354,"Census Tract 9619, Ford County, Kansas",20,057,961900
1400000US20057961800,52064,"Census Tract 9618, Ford County, Kansas",20,057,961800
1400000US20057962000,42950,"Census Tract 9620, Ford County, Kansas",20,057,962000
1400000US20173005502,54031,"Census Tract 55.02, Sedgwick County, Kansas",20,173,005502
1400000US20173009511,84871,"Census Tract 95.11, Sedgwick County, Kansas",20,173,009511
1400000US20173005300,49443,"Census Tract 53, Sedgwick County, Kansas",20,173,005300
1400000US20173009302,45820,"Census Tract 93.02, Sedgwick County, Kansas",20,173,009302
1400000US20173001500,37736,"Census Tract 15, Sedgwick County, Kansas",20,173,001500
1400000US20173010400,67024,"Census Tract 104, Sedgwick County, Kansas",20,173,010400
1400000US20173000300,31788,"Census Tract 3, Sedgwick County, Kansas",20,173,000300
1400000US20173006000,41171,"Census Tract 60, Sedgwick County, Kansas",20,173,006000
1400000US20173003400,27985,"Census Tract 34, Sedgwick County, Kansas",20,173,003400
1400000US20173008500,52727,"Census Tract 85, Sedgwick County, Kansas",20,173,008500
1400000US20173009507,104327,"Census Tract 95.07, Sedgwick County, Kansas",20,173,009507
1400000US20175965900,47688,"Census Tract 9659, Seward County, Kansas",20,175,965900
1400000US20175966000,41355,"Census Tract 9660, Seward County, Kansas",20,175,966000
1400000US20209044004,28973,"Census Tract 440.04, Wyandotte County, Kansas",20,209,044004
1400000US20037957300,40859,"Census Tract 9573, Crawford County, Kansas",20,037,957300
1400000US20099950600,57214,"Census Tract 9506, Labette County, Kansas",20,099,950600
1400000US20099950800,33816,"Census Tract 9508, Labette County, Kansas",20,099,950800
1400000US20209044400,50179,"Census Tract 444, Wyandotte County, Kansas",20,209,044400
1400000US20157978300,42917,"Census Tract 9783, Republic County, Kansas",20,157,978300
1400000US20175965600,53712,"Census Tract 9656, Seward County, Kansas",20,175,965600
1400000US20175965700,70446,"Census Tract 9657, Seward County, Kansas",20,175,965700
1400000US20175965800,52125,"Census Tract 9658, Seward County, Kansas",20,175,965800
1400000US20157978200,50638,"Census Tract 9782, Republic County, Kansas",20,157,978200
1400000US20157978100,47917,"Census Tract 9781, Republic County, Kansas",20,157,978100
1400000US20065952200,42813,"Census Tract 9522, Graham County, Kansas",20,065,952200
1400000US20065952100,48679,"Census Tract 9521, Graham County, Kansas",20,065,952100
1400000US20091053008,76528,"Census Tract 530.08, Johnson County, Kansas",20,091,053008
1400000US20091052906,74856,"Census Tract 529.06, Johnson County, Kansas",20,091,052906
1400000US20091053006,63427,"Census Tract 530.06, Johnson County, Kansas",20,091,053006
1400000US20091053009,140820,"Census Tract 530.09, Johnson County, Kansas",20,091,053009
1400000US20091053011,147500,"Census Tract 530.11, Johnson County, Kansas",20,091,053011
1400000US20091053101,84219,"Census Tract 531.01, Johnson County, Kansas",20,091,053101
1400000US20091053202,76756,"Census Tract 532.02, Johnson County, Kansas",20,091,053202
1400000US20085082700,49524,"Census Tract 827, Jackson County, Kansas",20,085,082700
1400000US20085082800,62779,"Census Tract 828, Jackson County, Kansas",20,085,082800
1400000US20087020101,72488,"Census Tract 201.01, Jefferson County, Kansas",20,087,020101
1400000US20209040900,26923,"Census Tract 409, Wyandotte County, Kansas",20,209,040900
1400000US20209041500,33929,"Census Tract 415, Wyandotte County, Kansas",20,209,041500
1400000US20209042800,39972,"Census Tract 428, Wyandotte County, Kansas",20,209,042800
1400000US20209044102,58625,"Census Tract 441.02, Wyandotte County, Kansas",20,209,044102
1400000US20209044602,-666666666,"Census Tract 446.02, Wyandotte County, Kansas",20,209,044602
1400000US20091051904,91607,"Census Tract 519.04, Johnson County, Kansas",20,091,051904
1400000US20091052202,74092,"Census Tract 522.02, Johnson County, Kansas",20,091,052202
1400000US20091052416,80183,"Census Tract 524.16, Johnson County, Kansas",20,091,052416
1400000US20091052801,123710,"Census Tract 528.01, Johnson County, Kansas",20,091,052801
1400000US20091053102,85882,"Census Tract 531.02, Johnson County, Kansas",20,091,053102
1400000US20091053302,171414,"Census Tract 533.02, Johnson County, Kansas",20,091,053302
1400000US20091053410,170047,"Census Tract 534.10, Johnson County, Kansas",20,091,053410
1400000US20091053508,96456,"Census Tract 535.08, Johnson County, Kansas",20,091,053508
1400000US20125950200,38451,"Census Tract 9502, Montgomery County, Kansas",20,125,950200
1400000US20125950600,39650,"Census Tract 9506, Montgomery County, Kansas",20,125,950600
1400000US20125950800,56354,"Census Tract 9508, Montgomery County, Kansas",20,125,950800
1400000US20155000800,36940,"Census Tract 8, Reno County, Kansas",20,155,000800
1400000US20155001200,62985,"Census Tract 12, Reno County, Kansas",20,155,001200
1400000US20155001400,60987,"Census Tract 14, Reno County, Kansas",20,155,001400
1400000US20155001500,56923,"Census Tract 15, Reno County, Kansas",20,155,001500
1400000US20155000300,58850,"Census Tract 3, Reno County, Kansas",20,155,000300
1400000US20155000400,43179,"Census Tract 4, Reno County, Kansas",20,155,000400
1400000US20155000500,53736,"Census Tract 5, Reno County, Kansas",20,155,000500
1400000US20155000700,37653,"Census Tract 7, Reno County, Kansas",20,155,000700
1400000US20155001300,37321,"Census Tract 13, Reno County, Kansas",20,155,001300
1400000US20155001700,48438,"Census Tract 17, Reno County, Kansas",20,155,001700
1400000US20155000100,62768,"Census Tract 1, Reno County, Kansas",20,155,000100
1400000US20155001100,81458,"Census Tract 11, Reno County, Kansas",20,155,001100
1400000US20009971300,50135,"Census Tract 9713, Barton County, Kansas",20,009,971300
1400000US20009971600,47750,"Census Tract 9716, Barton County, Kansas",20,009,971600
1400000US20009971700,44900,"Census Tract 9717, Barton County, Kansas",20,009,971700
1400000US20009971200,52955,"Census Tract 9712, Barton County, Kansas",20,009,971200
1400000US20009971500,53603,"Census Tract 9715, Barton County, Kansas",20,009,971500
1400000US20009971800,54511,"Census Tract 9718, Barton County, Kansas",20,009,971800
1400000US20009971100,51429,"Census Tract 9711, Barton County, Kansas",20,009,971100
1400000US20009971400,37548,"Census Tract 9714, Barton County, Kansas",20,009,971400
1400000US20029977100,49821,"Census Tract 9771, Cloud County, Kansas",20,029,977100
1400000US20029977200,42830,"Census Tract 9772, Cloud County, Kansas",20,029,977200
1400000US20029977400,48125,"Census Tract 9774, Cloud County, Kansas",20,029,977400
1400000US20029977300,45847,"Census Tract 9773, Cloud County, Kansas",20,029,977300
1400000US20043020100,50956,"Census Tract 201, Doniphan County, Kansas",20,043,020100
1400000US20091052001,53750,"Census Tract 520.01, Johnson County, Kansas",20,091,052001
1400000US20091052003,53701,"Census Tract 520.03, Johnson County, Kansas",20,091,052003
1400000US20091052201,69273,"Census Tract 522.01, Johnson County, Kansas",20,091,052201
1400000US20091052303,63377,"Census Tract 523.03, Johnson County, Kansas",20,091,052303
1400000US20091052411,136339,"Census Tract 524.11, Johnson County, Kansas",20,091,052411
1400000US20091052414,112778,"Census Tract 524.14, Johnson County, Kansas",20,091,052414
1400000US20091052417,55326,"Census Tract 524.17, Johnson County, Kansas",20,091,052417
1400000US20091052802,120634,"Census Tract 528.02, Johnson County, Kansas",20,091,052802
1400000US20091053105,65368,"Census Tract 531.05, Johnson County, Kansas",20,091,053105
1400000US20091052803,54423,"Census Tract 528.03, Johnson County, Kansas",20,091,052803
1400000US20091053005,87703,"Census Tract 530.05, Johnson County, Kansas",20,091,053005
1400000US20091053007,90143,"Census Tract 530.07, Johnson County, Kansas",20,091,053007
1400000US20091053409,118214,"Census Tract 534.09, Johnson County, Kansas",20,091,053409
1400000US20091053505,127955,"Census Tract 535.05, Johnson County, Kansas",20,091,053505
1400000US20091053506,109667,"Census Tract 535.06, Johnson County, Kansas",20,091,053506
1400000US20091053555,30388,"Census Tract 535.55, Johnson County, Kansas",20,091,053555
1400000US20091053556,53214,"Census Tract 535.56, Johnson County, Kansas",20,091,053556
1400000US20091053557,51500,"Census Tract 535.57, Johnson County, Kansas",20,091,053557
1400000US20091053602,77695,"Census Tract 536.02, Johnson County, Kansas",20,091,053602
1400000US20091050000,109565,"Census Tract 500, Johnson County, Kansas",20,091,050000
1400000US20091050500,71968,"Census Tract 505, Johnson County, Kansas",20,091,050500
1400000US20091051300,74216,"Census Tract 513, Johnson County, Kansas",20,091,051300
1400000US20091051906,57287,"Census Tract 519.06, Johnson County, Kansas",20,091,051906
1400000US20091052004,55272,"Census Tract 520.04, Johnson County, Kansas",20,091,052004
1400000US20091052304,91292,"Census Tract 523.04, Johnson County, Kansas",20,091,052304
1400000US20091052603,128440,"Census Tract 526.03, Johnson County, Kansas",20,091,052603
1400000US20091053502,39051,"Census Tract 535.02, Johnson County, Kansas",20,091,053502
1400000US20091053701,70000,"Census Tract 537.01, Johnson County, Kansas",20,091,053701
1400000US20091051907,65644,"Census Tract 519.07, Johnson County, Kansas",20,091,051907
1400000US20209041600,43804,"Census Tract 416, Wyandotte County, Kansas",20,209,041600
1400000US20209041200,23190,"Census Tract 412, Wyandotte County, Kansas",20,209,041200
1400000US20209041800,12321,"Census Tract 418, Wyandotte County, Kansas",20,209,041800
1400000US20209043400,47426,"Census Tract 434, Wyandotte County, Kansas",20,209,043400
1400000US20209043301,42500,"Census Tract 433.01, Wyandotte County, Kansas",20,209,043301
1400000US20209044101,31563,"Census Tract 441.01, Wyandotte County, Kansas",20,209,044101
1400000US20209042700,32759,"Census Tract 427, Wyandotte County, Kansas",20,209,042700
1400000US20209043000,37708,"Census Tract 430, Wyandotte County, Kansas",20,209,043000
1400000US20209043500,61042,"Census Tract 435, Wyandotte County, Kansas",20,209,043500
1400000US20209043802,63750,"Census Tract 438.02, Wyandotte County, Kansas",20,209,043802
1400000US20209044103,62500,"Census Tract 441.03, Wyandotte County, Kansas",20,209,044103
1400000US20209044202,54896,"Census Tract 442.02, Wyandotte County, Kansas",20,209,044202
1400000US20209044702,65650,"Census Tract 447.02, Wyandotte County, Kansas",20,209,044702
1400000US20209044703,72246,"Census Tract 447.03, Wyandotte County, Kansas",20,209,044703
1400000US20209044803,81282,"Census Tract 448.03, Wyandotte County, Kansas",20,209,044803
1400000US20209043803,60688,"Census Tract 438.03, Wyandotte County, Kansas",20,209,043803
1400000US20209044003,39985,"Census Tract 440.03, Wyandotte County, Kansas",20,209,044003
1400000US20209044601,61295,"Census Tract 446.01, Wyandotte County, Kansas",20,209,044601
1400000US20091053403,110517,"Census Tract 534.03, Johnson County, Kansas",20,091,053403
1400000US20091053510,119563,"Census Tract 535.10, Johnson County, Kansas",20,091,053510
1400000US20091050700,90739,"Census Tract 507, Johnson County, Kansas",20,091,050700
1400000US20091050900,116090,"Census Tract 509, Johnson County, Kansas",20,091,050900
1400000US20091051100,60625,"Census Tract 511, Johnson County, Kansas",20,091,051100
1400000US20091053002,82500,"Census Tract 530.02, Johnson County, Kansas",20,091,053002
1400000US20091051500,86369,"Census Tract 515, Johnson County, Kansas",20,091,051500
1400000US20091052502,138977,"Census Tract 525.02, Johnson County, Kansas",20,091,052502
1400000US20091052601,138413,"Census Tract 526.01, Johnson County, Kansas",20,091,052601
1400000US20091053201,87070,"Census Tract 532.01, Johnson County, Kansas",20,091,053201
1400000US20091053507,106683,"Census Tract 535.07, Johnson County, Kansas",20,091,053507
1400000US20091053601,54549,"Census Tract 536.01, Johnson County, Kansas",20,091,053601
1400000US20091053801,84229,"Census Tract 538.01, Johnson County, Kansas",20,091,053801
1400000US20091052410,96680,"Census Tract 524.10, Johnson County, Kansas",20,091,052410
1400000US20091052415,68582,"Census Tract 524.15, Johnson County, Kansas",20,091,052415
1400000US20091052905,61530,"Census Tract 529.05, Johnson County, Kansas",20,091,052905
1400000US20091052907,63826,"Census Tract 529.07, Johnson County, Kansas",20,091,052907
1400000US20091053004,66523,"Census Tract 530.04, Johnson County, Kansas",20,091,053004
1400000US20091053203,94214,"Census Tract 532.03, Johnson County, Kansas",20,091,053203
1400000US20091050100,65862,"Census Tract 501, Johnson County, Kansas",20,091,050100
1400000US20091051200,52500,"Census Tract 512, Johnson County, Kansas",20,091,051200
1400000US20091051803,60938,"Census Tract 518.03, Johnson County, Kansas",20,091,051803
1400000US20091051804,58258,"Census Tract 518.04, Johnson County, Kansas",20,091,051804
1400000US20091051805,85990,"Census Tract 518.05, Johnson County, Kansas",20,091,051805
1400000US20173007500,31125,"Census Tract 75, Sedgwick County, Kansas",20,173,007500
1400000US20173008400,56185,"Census Tract 84, Sedgwick County, Kansas",20,173,008400
1400000US20091051802,61369,"Census Tract 518.02, Johnson County, Kansas",20,091,051802
1400000US20091053509,95174,"Census Tract 535.09, Johnson County, Kansas",20,091,053509
1400000US20091050600,81299,"Census Tract 506, Johnson County, Kansas",20,091,050600
1400000US20091050301,54467,"Census Tract 503.01, Johnson County, Kansas",20,091,050301
1400000US20045000300,28024,"Census Tract 3, Douglas County, Kansas",20,045,000300
1400000US20045000400,16250,"Census Tract 4, Douglas County, Kansas",20,045,000400
1400000US20045000502,57035,"Census Tract 5.02, Douglas County, Kansas",20,045,000502
1400000US20045000702,39246,"Census Tract 7.02, Douglas County, Kansas",20,045,000702
1400000US20045000797,64496,"Census Tract 7.97, Douglas County, Kansas",20,045,000797
1400000US20045000801,49381,"Census Tract 8.01, Douglas County, Kansas",20,045,000801
1400000US20045001202,87923,"Census Tract 12.02, Douglas County, Kansas",20,045,001202
1400000US20045000501,46952,"Census Tract 5.01, Douglas County, Kansas",20,045,000501
1400000US20045000100,53281,"Census Tract 1, Douglas County, Kansas",20,045,000100
1400000US20045000902,37955,"Census Tract 9.02, Douglas County, Kansas",20,045,000902
1400000US20045001002,58665,"Census Tract 10.02, Douglas County, Kansas",20,045,001002
1400000US20045001203,79875,"Census Tract 12.03, Douglas County, Kansas",20,045,001203
1400000US20045001400,82885,"Census Tract 14, Douglas County, Kansas",20,045,001400
1400000US20045000200,46184,"Census Tract 2, Douglas County, Kansas",20,045,000200
1400000US20045000901,30353,"Census Tract 9.01, Douglas County, Kansas",20,045,000901
1400000US20045000802,43917,"Census Tract 8.02, Douglas County, Kansas",20,045,000802
1400000US20045001001,62000,"Census Tract 10.01, Douglas County, Kansas",20,045,001001
1400000US20045001500,72237,"Census Tract 15, Douglas County, Kansas",20,045,001500
1400000US20151968800,56667,"Census Tract 9688, Pratt County, Kansas",20,151,968800
1400000US20151968600,61591,"Census Tract 9686, Pratt County, Kansas",20,151,968600
1400000US20151968700,44839,"Census Tract 9687, Pratt County, Kansas",20,151,968700
1400000US20153950600,53207,"Census Tract 9506, Rawlins County, Kansas",20,153,950600
1400000US20163974700,50634,"Census Tract 9747, Rooks County, Kansas",20,163,974700
1400000US20163974600,48056,"Census Tract 9746, Rooks County, Kansas",20,163,974600
1400000US20055960508,64038,"Census Tract 9605.08, Finney County, Kansas",20,055,960508
1400000US20057962101,38832,"Census Tract 9621.01, Ford County, Kansas",20,057,962101
1400000US20057962102,44744,"Census Tract 9621.02, Ford County, Kansas",20,057,962102
1400000US20073965600,48333,"Census Tract 9656, Greenwood County, Kansas",20,073,965600
1400000US20047969600,55078,"Census Tract 9696, Edwards County, Kansas",20,047,969600
1400000US20043020300,41809,"Census Tract 203, Doniphan County, Kansas",20,043,020300
1400000US20043020200,52132,"Census Tract 202, Doniphan County, Kansas",20,043,020200
1400000US20047969700,49267,"Census Tract 9697, Edwards County, Kansas",20,047,969700
1400000US20101956600,52125,"Census Tract 9566, Lane County, Kansas",20,101,956600
1400000US20165972100,52050,"Census Tract 9721, Rush County, Kansas",20,165,972100
1400000US20165972200,44194,"Census Tract 9722, Rush County, Kansas",20,165,972200
1400000US20135956200,62112,"Census Tract 9562, Ness County, Kansas",20,135,956200
1400000US20135956100,47500,"Census Tract 9561, Ness County, Kansas",20,135,956100
1400000US20011955600,50795,"Census Tract 9556, Bourbon County, Kansas",20,011,955600
1400000US20011955900,38563,"Census Tract 9559, Bourbon County, Kansas",20,011,955900
1400000US20011956000,32159,"Census Tract 9560, Bourbon County, Kansas",20,011,956000
1400000US20011955700,59095,"Census Tract 9557, Bourbon County, Kansas",20,011,955700
1400000US20011955800,48623,"Census Tract 9558, Bourbon County, Kansas",20,011,955800
1400000US20055960200,54803,"Census Tract 9602, Finney County, Kansas",20,055,960200
1400000US20055960300,63235,"Census Tract 9603, Finney County, Kansas",20,055,960300
1400000US20055960600,49470,"Census Tract 9606, Finney County, Kansas",20,055,960600
1400000US20055960100,67865,"Census Tract 9601, Finney County, Kansas",20,055,960100
